Salinispora arenicola CNB458,AZWI01000000,B458-3-Bu.mzXML,B458-3-EA.mzXML,B458-3-Me.mzXML,GCA_000514655,GCF_000514655,NZ_AZWI01000003,NZ_AZWI01000004,NZ_AZWI01000005,NZ_AZWI01000009,NZ_AZWI01000010,NZ_AZWI01000011,NZ_AZWI01000012,NZ_AZWI01000019,NZ_AZWI01000024,NZ_AZWI01000025,NZ_AZWI01000026,NZ_AZWI01000029,NZ_AZWI01000031,NZ_AZWI01000032,NZ_AZWI01000033,NZ_AZWI01000034,NZ_AZWI01000037,NZ_AZWI01000045,NZ_AZWI01000046,NZ_AZWI01000060,NZ_AZWI01000062,NZ_AZWI01000069,NZ_AZWI01000081,NZ_AZWI01000099,NZ_KI911444,NZ_KI911445
Salinispora arenicola CNB527,42b.mzXML,AZXI01000000,B527-3-Bu.mzXML,B527-3-EA.mzXML,B527-3-Me.mzXML,GCA_000515175,GCF_000515175,NZ_AZXI01000001,NZ_AZXI01000002,NZ_AZXI01000003,NZ_AZXI01000004,NZ_AZXI01000006,NZ_AZXI01000007,NZ_AZXI01000011,NZ_AZXI01000012,NZ_AZXI01000013,NZ_AZXI01000014,NZ_AZXI01000015,NZ_AZXI01000016,NZ_AZXI01000017,NZ_AZXI01000021,NZ_AZXI01000026,NZ_AZXI01000027,NZ_AZXI01000030,NZ_AZXI01000037,NZ_AZXI01000042,NZ_AZXI01000043,NZ_AZXI01000044,NZ_AZXI01000047,NZ_AZXI01000048,NZ_AZXI01000049,NZ_AZXI01000066,NZ_AZXI01000068,NZ_AZXI01000071,NZ_AZXI01000089,NZ_AZXI01000094,NZ_KI911553
Salinispora arenicola CNH643,34967,H643-3-Bu.mzXML,H643-3-EA.mzXML,H643-3-Me.mzXML
Salinispora arenicola CNH646,15a.mzXML,15b.mzXML,AZWH01000000,GCA_000514635,GCF_000514635,GCF_000514635.1,H646-3-Bu.mzXML,H646-3-EA.mzXML,H646-3-Me.mzXML,NZ_AZWH01000001,NZ_AZWH01000004,NZ_AZWH01000005,NZ_AZWH01000008,NZ_AZWH01000009,NZ_AZWH01000010,NZ_AZWH01000014,NZ_AZWH01000015,NZ_AZWH01000016,NZ_AZWH01000017,NZ_AZWH01000019,NZ_AZWH01000022,NZ_AZWH01000023,NZ_AZWH01000024,NZ_AZWH01000027,NZ_AZWH01000035,NZ_AZWH01000040,NZ_AZWH01000048,NZ_AZWH01000050
Salinispora arenicola CNH713,37236,H713-3-Bu.mzXML,H713-3-EA.mzXML,H713-3-Me.mzXML
Salinispora arenicola CNH718,35123,H718-3-Bu.mzXML,H718-3-EA.mzXML,H718-3-Me.mzXML
Salinispora arenicola CNH877,ARKR01000000,GCA_000378645,GCF_000378645,H877-3-Bu.mzXML,H877-3-EA.mzXML,H877-3-Me.mzXML,NZ_KB900139,NZ_KB900140,NZ_KB900141,NZ_KB900143,NZ_KB900145,NZ_KB900146,NZ_KB900148,NZ_KB900149,NZ_KB900150,NZ_KB900151,NZ_KB900152,NZ_KB900159,NZ_KB900160,NZ_KB900161,NZ_KB900162,NZ_KB900163,NZ_KB900166,NZ_KB900167,NZ_KB900169,NZ_KB900174,NZ_KB900176,NZ_KB900177,NZ_KB900178,NZ_KB900181,NZ_KB900182,NZ_KB900187,NZ_KB900188,NZ_KB900190,NZ_KB900192,NZ_KB900206,NZ_KB900209
Salinispora arenicola CNH905,AZXB01000000,GCA_000515035,GCF_000515035,H905-3-Bu.mzXML,H905-3-EA.mzXML,H905-3-Me.mzXML,NZ_AZXB01000001,NZ_AZXB01000002,NZ_AZXB01000003,NZ_AZXB01000004,NZ_AZXB01000006,NZ_AZXB01000009,NZ_AZXB01000013,NZ_AZXB01000014,NZ_AZXB01000015,NZ_AZXB01000017,NZ_AZXB01000018,NZ_AZXB01000019,NZ_AZXB01000025,NZ_AZXB01000026,NZ_AZXB01000027,NZ_AZXB01000029,NZ_AZXB01000030,NZ_AZXB01000034,NZ_AZXB01000038,NZ_AZXB01000040,NZ_AZXB01000051,NZ_AZXB01000054,NZ_AZXB01000055,NZ_AZXB01000067,NZ_AZXB01000081,NZ_KI911515,NZ_KI911517
Salinispora arenicola CNH941,AZWV01000000,H941-3-Bu.mzXML,H941-3-EA.mzXML,H941-3-Me.mzXML
Salinispora arenicola CNH962,ARKS01000000,GCA_000378665,GCF_000378665,GCF_000378665.1,H962-3-Bu.mzXML,H962-3-EA.mzXML,H962-3-Me.mzXML,NZ_KB900233,NZ_KB900235,NZ_KB900236,NZ_KB900237,NZ_KB900238,NZ_KB900239,NZ_KB900240,NZ_KB900242,NZ_KB900246,NZ_KB900249,NZ_KB900253,NZ_KB900254,NZ_KB900257,NZ_KB900260,NZ_KB900262,NZ_KB900268,NZ_KB900270,NZ_KB900274,NZ_KB900275,NZ_KB900282,NZ_KB900285,NZ_KB900294,NZ_KB900295
Salinispora arenicola CNH963,AUKL01000000,H963-3-Bu.mzXML,H963-3-EA.mzXML,H963-3-Me.mzXML
Salinispora arenicola CNH964,H964-3-Bu.mzXML,H964-3-EA.mzXML,H964-3-Me.mzXML,JAEY01000000
Salinispora arenicola CNH996,H996-3-Bu.mzXML,H996-3-EA.mzXML,H996-3-Me.mzXML,JNLS01000000
Salinispora arenicola CNP105,ARGZ01000000,GCA_000375045,GCF_000375045,GCF_000375045.1,NZ_KB896003,NZ_KB896005,NZ_KB896006,NZ_KB896007,NZ_KB896008,NZ_KB896009,NZ_KB896010,NZ_KB896012,NZ_KB896014,NZ_KB896018,NZ_KB896019,NZ_KB896020,NZ_KB896022,NZ_KB896023,NZ_KB896028,NZ_KB896029,NZ_KB896031,NZ_KB896033,NZ_KB896034,NZ_KB896036,NZ_KB896039,NZ_KB896040,NZ_KB896043,NZ_KB896048,NZ_KB896051,NZ_KB896058,P105-3-Bu.mzXML,P105-3-EA.mzXML,P105-3-Me.mzXML
Salinispora arenicola CNP193,18a.mzXML,18b.mzXML,ARGY01000000,GCA_000375025,GCF_000375025,NZ_KB896072,NZ_KB896073,NZ_KB896074,NZ_KB896075,NZ_KB896076,NZ_KB896077,NZ_KB896078,NZ_KB896082,NZ_KB896083,NZ_KB896085,NZ_KB896087,NZ_KB896088,NZ_KB896089,NZ_KB896091,NZ_KB896093,NZ_KB896095,NZ_KB896099,NZ_KB896100,NZ_KB896103,NZ_KB896104,NZ_KB896105,NZ_KB896111,NZ_KB896113,NZ_KB896115,NZ_KB896122,P193-3-Bu.mzXML,P193-3-EA.mzXML,P193-3-Me.mzXML
Salinispora arenicola CNQ748,16a.mzXML,16b.mzXML,AZWY01000001,GCA_000514975,GCF_000514975,GCF_000514975.1,NZ_AZWY01000005,NZ_AZWY01000006,NZ_AZWY01000007,NZ_AZWY01000008,NZ_AZWY01000009,NZ_AZWY01000010,NZ_AZWY01000011,NZ_AZWY01000016,NZ_AZWY01000017,NZ_AZWY01000019,NZ_AZWY01000020,NZ_AZWY01000021,NZ_AZWY01000023,NZ_AZWY01000025,NZ_AZWY01000032,NZ_AZWY01000034,NZ_AZWY01000040,NZ_AZWY01000041,NZ_AZWY01000045,NZ_AZWY01000048,NZ_AZWY01000050,NZ_AZWY01000053,NZ_AZWY01000055,NZ_AZWY01000058,NZ_AZWY01000063,NZ_AZWY01000069,NZ_AZWY01000070,NZ_KI911506,Q748-3-Bu.mzXML,Q748-3-EA.mzXML,Q748-3-Me.mzXML
Salinispora arenicola CNQ884,34969,Q884-3-Bu.mzXML,Q884-3-EA.mzXML,Q884-3-Me.mzXML
Salinispora arenicola CNR107,ARKT01000000,GCA_000378685,GCF_000378685,GCF_000378685.1,NZ_KB900319,NZ_KB900320,NZ_KB900321,NZ_KB900323,NZ_KB900325,NZ_KB900326,NZ_KB900327,NZ_KB900328,NZ_KB900330,NZ_KB900331,NZ_KB900335,NZ_KB900336,NZ_KB900337,NZ_KB900339,NZ_KB900342,NZ_KB900353,R107-3-Bu.mzXML,R107-3-EA.mzXML,R107-3-Me.mzXML
Salinispora arenicola CNR425,AXVS01000000,GCA_000482565,GCF_000482565,GCF_000482565.1,NZ_AXVS01000003,NZ_AXVS01000005,NZ_AXVS01000007,NZ_AXVS01000009,NZ_AXVS01000010,NZ_AXVS01000011,NZ_AXVS01000015,NZ_AXVS01000016,NZ_AXVS01000018,NZ_AXVS01000022,NZ_AXVS01000023,NZ_AXVS01000026,NZ_AXVS01000029,NZ_AXVS01000039,NZ_AXVS01000040,NZ_AXVS01000041,NZ_AXVS01000042,NZ_AXVS01000044,NZ_AXVS01000046,NZ_AXVS01000052,NZ_AXVS01000061,NZ_AXVS01000069,NZ_AXVS01000070,NZ_KI519457,NZ_KI519458,R425-3-Bu.mzXML,R425-3-EA.mzXML,R425-3-Me.mzXML
Salinispora arenicola CNR921,AZWF01000000,GCA_000514595,GCF_000514595,GCF_000514595.1,NZ_AZWF01000003,NZ_AZWF01000004,NZ_AZWF01000007,NZ_AZWF01000008,NZ_AZWF01000009,NZ_AZWF01000015,NZ_AZWF01000016,NZ_AZWF01000017,NZ_AZWF01000020,NZ_AZWF01000022,NZ_AZWF01000023,NZ_KI911432,NZ_KI911436,NZ_KI911437,R921-3-Bu.mzXML,R921-3-EA.mzXML,R921-3-Me.mzXML
Salinispora arenicola CNS051,ARGX01000000,GCA_000375005,GCF_000375005,GCF_000375005.1,NZ_KB895910,NZ_KB895911,NZ_KB895912,NZ_KB895913,NZ_KB895914,NZ_KB895915,NZ_KB895916,NZ_KB895918,NZ_KB895919,NZ_KB895920,NZ_KB895927,NZ_KB895928,NZ_KB895929,NZ_KB895930,NZ_KB895936,NZ_KB895939,NZ_KB895946,NZ_KB895948,NZ_KB895961,NZ_KB895983,NZ_KB895989,NZ_KB895993,S051-3-Bu.mzXML,S051-3-EA.mzXML,S051-3-Me.mzXML
Salinispora arenicola CNS205,13a.mzXML,13b.mzXML,CP000850,GCA_000018265,GCF_000018265,GCF_000018265.1,NC_009953,S205-3-Bu.mzXML,S205-3-EA.mzXML,S205-3-Me.mzXML
Salinispora arenicola CNS243,AUKT01000000,S243-3-Bu.mzXML,S243-3-EA.mzXML,S243-3-Me.mzXML
Salinispora arenicola CNS296,36410,S296-3-Bu.mzXML,S296-3-EA.mzXML,S296-3-Me.mzXML
Salinispora arenicola CNS299,AUKM01000000,GCA_000424745,GCF_000424745,GCF_000424745.1,NZ_AUKM01000003,NZ_AUKM01000004,NZ_AUKM01000008,NZ_AUKM01000010,NZ_AUKM01000011,NZ_AUKM01000015,NZ_AUKM01000016,NZ_AUKM01000019,NZ_AUKM01000025,NZ_AUKM01000026,NZ_AUKM01000027,NZ_AUKM01000028,NZ_AUKM01000030,NZ_AUKM01000031,NZ_AUKM01000033,NZ_AUKM01000036,NZ_AUKM01000040,NZ_AUKM01000041,NZ_AUKM01000042,NZ_AUKM01000043,NZ_AUKM01000044,NZ_AUKM01000047,NZ_AUKM01000050,NZ_AUKM01000051,NZ_AUKM01000058,NZ_AUKM01000062,NZ_KE384235,NZ_KE384238,S299-3-Bu.mzXML,S299-3-EA.mzXML,S299-3-Me.mzXML
Salinispora arenicola CNS325,37242,S325-3-Bu.mzXML,S325-3-EA.mzXML,S325-3-Me.mzXML
Salinispora arenicola CNS342,37324,S342-3-Bu.mzXML,S342-3-EA.mzXML,S342-3-Me.mzXML
Salinispora arenicola CNS673,ARER01000000,GCA_000373845,GCF_000373845,GCF_000373845.1,NZ_KB892524,NZ_KB892525,NZ_KB892526,NZ_KB892527,NZ_KB892528,NZ_KB892529,NZ_KB892531,NZ_KB892534,NZ_KB892535,NZ_KB892537,NZ_KB892541,NZ_KB892542,NZ_KB892543,NZ_KB892544,NZ_KB892547,NZ_KB892548,NZ_KB892549,NZ_KB892552,NZ_KB892566,NZ_KB892568,NZ_KB892578,NZ_KB892581,NZ_KB892582,NZ_KB892601,S673-3-Bu.mzXML,S673-3-EA.mzXML,S673-3-Me.mzXML
Salinispora arenicola CNS744,ARHA01000000,GCA_000375065,GCF_000375065,GCF_000375065.1,NZ_KB896151,NZ_KB896152,NZ_KB896153,NZ_KB896154,NZ_KB896155,NZ_KB896156,NZ_KB896157,NZ_KB896158,NZ_KB896159,NZ_KB896162,NZ_KB896163,NZ_KB896164,NZ_KB896165,NZ_KB896173,NZ_KB896175,NZ_KB896176,NZ_KB896177,NZ_KB896185,NZ_KB896187,NZ_KB896196,S744-3-Bu.mzXML,S744-3-EA.mzXML,S744-3-Me.mzXML
Salinispora arenicola CNS820,36417,S820-3-Bu.mzXML,S820-3-EA.mzXML,S820-3-Me.mzXML
Salinispora arenicola CNS848,38495,S848-3-Bu.mzXML,S848-3-EA.mzXML,S848-3-Me.mzXML
Salinispora arenicola CNS991,2516143022,GCA_000384275,GCF_000384275,GCF_000384275.1,NZ_KB913036,S991-3-Bu.mzXML,S991-3-EA.mzXML,S991-3-Me.mzXML
Salinispora arenicola CNT005,12b.mzXML,12c.mzXML,AZWU01000001,GCA_000514895,GCF_000514895,GCF_000514895.1,NZ_AZWU01000007,NZ_AZWU01000017,NZ_AZWU01000018,NZ_AZWU01000019,NZ_AZWU01000020,NZ_AZWU01000021,NZ_AZWU01000022,NZ_AZWU01000023,NZ_AZWU01000029,NZ_AZWU01000030,NZ_AZWU01000031,NZ_AZWU01000036,NZ_AZWU01000037,NZ_AZWU01000038,NZ_AZWU01000039,NZ_AZWU01000045,NZ_AZWU01000046,NZ_AZWU01000047,NZ_AZWU01000052,NZ_AZWU01000054,NZ_AZWU01000064,NZ_KI911490,NZ_KI911492,NZ_KI911493,NZ_KI911494,T005-3-Bu.mzXML,T005-3-EA.mzXML,T005-3-Me.mzXML
Salinispora arenicola CNT088,AIIJ01,T088-3-Bu.mzXML,T088-3-EA.mzXML,T088-3-Me.mzXML
Salinispora arenicola CNT798,2515154186,T798-3-Bu.mzXML,T798-3-EA.mzXML,T798-3-Me.mzXML
Salinispora arenicola CNT799,AZVD01000000,GCA_000514035,GCF_000514035,GCF_000514035.1,NZ_AZVD01000001,NZ_AZVD01000004,NZ_AZVD01000011,NZ_AZVD01000013,NZ_AZVD01000014,NZ_AZVD01000016,NZ_AZVD01000019,NZ_AZVD01000020,NZ_AZVD01000022,NZ_AZVD01000027,NZ_AZVD01000028,NZ_AZVD01000029,NZ_AZVD01000031,NZ_AZVD01000034,NZ_AZVD01000035,NZ_AZVD01000036,NZ_AZVD01000042,NZ_AZVD01000043,NZ_AZVD01000044,NZ_AZVD01000045,NZ_AZVD01000050,NZ_AZVD01000051,NZ_AZVD01000053,NZ_AZVD01000055,NZ_KI911341,NZ_KI911344,T799-3-Bu.mzXML,T799-3-EA.mzXML,T799-3-Me.mzXML
Salinispora arenicola CNT800,AZXG01000000,T800-3-Bu.mzXML,T800-3-EA.mzXML,T800-3-Me.mzXML
Salinispora arenicola CNT849,17a.mzXML,17b.mzXML,AREQ01000000,GCA_000373825,GCF_000373825,GCF_000373825.1,NZ_KB892473,NZ_KB892474,NZ_KB892475,NZ_KB892476,NZ_KB892477,NZ_KB892478,NZ_KB892479,NZ_KB892480,NZ_KB892481,NZ_KB892482,NZ_KB892483,NZ_KB892485,NZ_KB892490,NZ_KB892494,NZ_KB892497,NZ_KB892499,NZ_KB892500,NZ_KB892501,NZ_KB892505,NZ_KB892507,NZ_KB892511,NZ_KB892514,T849-3-Bu.mzXML,T849-3-EA.mzXML,T849-3-Me.mzXML
Salinispora arenicola CNT850,AZWG01000000,T850-3-Bu.mzXML,T850-3-EA.mzXML,T850-3-Me.mzXML
Salinispora arenicola CNT857,AZWX01000000,GCA_000514955,GCF_000514955,GCF_000514955.1,NZ_AZWX01000003,NZ_AZWX01000005,NZ_AZWX01000006,NZ_AZWX01000007,NZ_AZWX01000010,NZ_AZWX01000011,NZ_AZWX01000012,NZ_AZWX01000013,NZ_AZWX01000014,NZ_AZWX01000015,NZ_AZWX01000016,NZ_AZWX01000020,NZ_AZWX01000021,NZ_AZWX01000023,NZ_AZWX01000024,NZ_AZWX01000028,NZ_AZWX01000030,NZ_AZWX01000038,NZ_AZWX01000040,NZ_AZWX01000045,NZ_AZWX01000047,NZ_AZWX01000058,NZ_KI911505,T857-3-Bu.mzXML,T857-3-EA.mzXML,T857-3-Me.mzXML
Salinispora arenicola CNT859,ARIQ01000000,GCA_000377605,GCF_000377605,GCF_000377605.1,NZ_KB898398,NZ_KB898399,NZ_KB898400,NZ_KB898403,NZ_KB898404,NZ_KB898406,NZ_KB898407,NZ_KB898408,NZ_KB898409,NZ_KB898411,NZ_KB898412,NZ_KB898413,NZ_KB898415,NZ_KB898416,NZ_KB898421,NZ_KB898423,NZ_KB898424,NZ_KB898427,NZ_KB898430,NZ_KB898432,NZ_KB898433,NZ_KB898435,NZ_KB898437,NZ_KB898438,NZ_KB898442,NZ_KB898445,T859-3-Bu.mzXML,T859-3-EA.mzXML,T859-3-Me.mzXML
Salinispora arenicola CNX481,ARHB01000000,GCA_000375085,GCF_000375085,GCF_000375085.1,NZ_KB896240,NZ_KB896241,NZ_KB896242,NZ_KB896243,NZ_KB896244,NZ_KB896247,NZ_KB896248,NZ_KB896249,NZ_KB896250,NZ_KB896251,NZ_KB896253,NZ_KB896258,NZ_KB896259,NZ_KB896260,NZ_KB896261,NZ_KB896267,NZ_KB896268,NZ_KB896270,NZ_KB896272,NZ_KB896281,NZ_KB896286,NZ_KB896297,X481-3-Bu.mzXML,X481-3-EA.mzXML,X481-3-Me.mzXML
Salinispora arenicola CNX482,AZWD01000000,GCA_000514555,GCF_000514555,GCF_000514555.1,NZ_AZWD01000001,NZ_AZWD01000004,NZ_AZWD01000005,NZ_AZWD01000006,NZ_AZWD01000008,NZ_AZWD01000011,NZ_AZWD01000013,NZ_AZWD01000015,NZ_AZWD01000017,NZ_AZWD01000021,NZ_AZWD01000022,NZ_AZWD01000025,NZ_AZWD01000027,NZ_AZWD01000030,NZ_AZWD01000033,NZ_AZWD01000039,NZ_AZWD01000040,NZ_AZWD01000043,NZ_AZWD01000047,NZ_AZWD01000055,NZ_AZWD01000060,NZ_AZWD01000078,NZ_KI911424,NZ_KI911425,X482-3-Bu.mzXML,X482-3-EA.mzXML,X482-3-Me.mzXML
Salinispora arenicola CNX508,20a.mzXML,AZWT01000001,GCA_000514875,GCF_000514875,GCF_000514875.1,NZ_AZWT01000001,NZ_AZWT01000002,NZ_AZWT01000003,NZ_AZWT01000004,NZ_AZWT01000005,NZ_AZWT01000008,NZ_AZWT01000009,NZ_AZWT01000010,NZ_AZWT01000015,NZ_AZWT01000016,NZ_AZWT01000018,NZ_AZWT01000020,NZ_AZWT01000021,NZ_AZWT01000027,NZ_AZWT01000032,NZ_AZWT01000034,NZ_AZWT01000035,NZ_AZWT01000036,NZ_AZWT01000047,NZ_AZWT01000057,NZ_AZWT01000059,NZ_AZWT01000080,X508-3-Bu.mzXML,X508-3-EA.mzXML,X508-3-Me.mzXML
Salinispora arenicola CNX814,ARHC01000000,GCA_000375105,GCF_000375105,GCF_000375105.1,NZ_KB896313,NZ_KB896315,NZ_KB896316,NZ_KB896317,NZ_KB896318,NZ_KB896319,NZ_KB896320,NZ_KB896321,NZ_KB896322,NZ_KB896323,NZ_KB896324,NZ_KB896327,NZ_KB896328,NZ_KB896330,NZ_KB896333,NZ_KB896334,NZ_KB896339,NZ_KB896348,NZ_KB896352,NZ_KB896361,NZ_KB896363,X814-3-Bu.mzXML,X814-3-EA.mzXML,X814-3-Me.mzXML
Salinispora arenicola CNX891,AZWW01000000,GCA_000514935,GCF_000514935,GCF_000514935.1,NZ_AZWW01000006,NZ_AZWW01000007,NZ_AZWW01000008,NZ_AZWW01000009,NZ_AZWW01000011,NZ_AZWW01000014,NZ_AZWW01000016,NZ_AZWW01000017,NZ_AZWW01000020,NZ_AZWW01000021,NZ_AZWW01000022,NZ_AZWW01000023,NZ_AZWW01000027,NZ_AZWW01000028,NZ_AZWW01000029,NZ_AZWW01000030,NZ_AZWW01000035,NZ_AZWW01000042,NZ_AZWW01000051,NZ_AZWW01000052,NZ_KI911501,NZ_KI911502,X891-3-Bu.mzXML,X891-3-EA.mzXML,X891-3-Me.mzXML
Salinispora arenicola CNY011,ARHD01000000,GCA_000375125,GCF_000375125,GCF_000375125.1,NZ_KB896378,NZ_KB896379,NZ_KB896383,NZ_KB896384,NZ_KB896385,NZ_KB896386,NZ_KB896388,NZ_KB896391,NZ_KB896392,NZ_KB896393,NZ_KB896394,NZ_KB896395,NZ_KB896396,NZ_KB896401,NZ_KB896402,NZ_KB896403,NZ_KB896404,NZ_KB896405,NZ_KB896406,NZ_KB896408,NZ_KB896412,NZ_KB896413,NZ_KB896415,NZ_KB896423,NZ_KB896425,NZ_KB896434,NZ_KB896436,Y011-3-Bu.mzXML,Y011-3-EA.mzXML,Y011-3-Me.mzXML
Salinispora arenicola CNY230,35133,Y230-3-Bu.mzXML,Y230-3-EA.mzXML,Y230-3-Me.mzXML
Salinispora arenicola CNY231,ARHE01000000,GCA_000375145,GCF_000375145,GCF_000375145.1,NZ_KB896460,NZ_KB896461,NZ_KB896462,NZ_KB896463,NZ_KB896464,NZ_KB896465,NZ_KB896466,NZ_KB896469,NZ_KB896470,NZ_KB896471,NZ_KB896473,NZ_KB896474,NZ_KB896478,NZ_KB896480,NZ_KB896481,NZ_KB896482,NZ_KB896486,NZ_KB896495,NZ_KB896501,NZ_KB896502,Y231-3-Bu.mzXML,Y231-3-EA.mzXML,Y231-3-Me.mzXML
Salinispora arenicola CNY234,ARKU01000000,GCA_000380945,GCF_000380945,GCF_000380945.1,NZ_KB905497,NZ_KB905498,NZ_KB905499,NZ_KB905501,NZ_KB905502,NZ_KB905503,NZ_KB905504,NZ_KB905505,NZ_KB905506,NZ_KB905507,NZ_KB905508,NZ_KB905509,NZ_KB905510,NZ_KB905512,NZ_KB905513,NZ_KB905516,NZ_KB905519,NZ_KB905526,NZ_KB905527,NZ_KB905529,NZ_KB905530,NZ_KB905532,NZ_KB905535,NZ_KB905539,NZ_KB905543,Y234-3-Bu.mzXML,Y234-3-EA.mzXML,Y234-3-Me.mzXML
Salinispora arenicola CNY237,ARHM01000000,GCA_000375305,GCF_000375305,GCF_000375305.1,NZ_KB896939,NZ_KB896940,NZ_KB896941,NZ_KB896942,NZ_KB896945,NZ_KB896946,NZ_KB896947,NZ_KB896949,NZ_KB896953,NZ_KB896954,NZ_KB896955,NZ_KB896960,NZ_KB896965,NZ_KB896966,NZ_KB896967,NZ_KB896979,NZ_KB896984,NZ_KB896986,NZ_KB896992,Y237-3-Bu.mzXML,Y237-3-EA.mzXML,Y237-3-Me.mzXML
Salinispora arenicola CNY244,35128,Y244-3-Bu.mzXML,Y244-3-EA.mzXML,Y244-3-Me.mzXML
Salinispora arenicola CNY256,ARHF01000000,GCA_000375165,GCF_000375165,GCF_000375165.1,NZ_KB896529,NZ_KB896530,NZ_KB896532,NZ_KB896533,NZ_KB896534,NZ_KB896535,NZ_KB896536,NZ_KB896537,NZ_KB896538,NZ_KB896539,NZ_KB896540,NZ_KB896543,NZ_KB896546,NZ_KB896547,NZ_KB896548,NZ_KB896552,NZ_KB896557,NZ_KB896562,NZ_KB896572,Y256-3-Bu.mzXML,Y256-3-EA.mzXML,Y256-3-Me.mzXML
Salinispora arenicola CNY260,ARHG01000000,Y260-3-Bu.mzXML,Y260-3-EA.mzXML,Y260-3-Me.mzXML
Salinispora arenicola CNY280,ARHH01000000,GCA_000375205,GCF_000375205,GCF_000375205.1,NZ_KB896608,NZ_KB896610,NZ_KB896612,NZ_KB896613,NZ_KB896615,NZ_KB896617,NZ_KB896620,NZ_KB896621,NZ_KB896622,NZ_KB896626,NZ_KB896628,NZ_KB896629,NZ_KB896630,NZ_KB896631,NZ_KB896633,NZ_KB896635,NZ_KB896636,NZ_KB896638,NZ_KB896640,NZ_KB896642,NZ_KB896645,NZ_KB896658,NZ_KB896673,Y280-3-Bu.mzXML,Y280-3-EA.mzXML,Y280-3-Me.mzXML
Salinispora arenicola CNY281,35121,Y281-3-Bu.mzXML,Y281-3-EA.mzXML,Y281-3-Me.mzXML
Salinispora arenicola CNY282,ARKV01000000,Y282-3-Bu.mzXML,Y282-3-EA.mzXML,Y282-3-Me.mzXML
Salinispora arenicola CNY486,35125,Y486-3-Bu.mzXML,Y486-3-EA.mzXML,Y486-3-Me.mzXML
Salinispora arenicola CNY679,35131,Y679-3-Bu.mzXML,Y679-3-EA.mzXML,Y679-3-Me.mzXML
Salinispora arenicola CNY685,35845,Y685-3-Bu.mzXML,Y685-3-EA.mzXML,Y685-3-Me.mzXML
Salinispora arenicola CNY690,35129,Y690-3-Bu.mzXML,Y690-3-EA.mzXML,Y690-3-Me.mzXML
Salinispora arenicola CNY694,35132,Y694-3-Bu.mzXML,Y694-3-EA.mzXML,Y694-3-Me.mzXML
Salinispora pacifica CNH732,37235,H732-3-Bu.mzXML,H732-3-EA.mzXML,H732-3-Me.mzXML
Salinispora pacifica CNQ768,ARHI01000000,GCA_000375225,GCF_000375225,GCF_000375225.1,NZ_KB904824,NZ_KB904825,NZ_KB904826,NZ_KB904828,NZ_KB904830,NZ_KB904831,NZ_KB904832,NZ_KB904833,NZ_KB904836,NZ_KB904839,NZ_KB904843,NZ_KB904844,NZ_KB904846,NZ_KB904848,NZ_KB904850,NZ_KB904855,NZ_KB904857,NZ_KB904870,NZ_KB904882,NZ_KB904886,NZ_KB904891,NZ_KB904895,Q768-3-Bu.mzXML,Q768-3-EA.mzXML,Q768-3-Me.mzXML
Salinispora pacifica CNR114,9a.mzXML,9b.mzXML,AZWO01000001,GCA_000514775,GCF_000514775,GCF_000514775.1,NZ_AZWO01000004,NZ_AZWO01000007,NZ_AZWO01000008,NZ_AZWO01000011,NZ_AZWO01000014,NZ_AZWO01000016,NZ_AZWO01000019,NZ_AZWO01000025,NZ_AZWO01000027,NZ_AZWO01000028,NZ_AZWO01000029,NZ_AZWO01000034,NZ_AZWO01000036,NZ_AZWO01000038,NZ_AZWO01000048,NZ_AZWO01000053,NZ_AZWO01000056,NZ_AZWO01000060,NZ_AZWO01000061,NZ_AZWO01000072,NZ_KI911467,NZ_KI911468,R114-3-Bu.mzXML,R114-3-EA.mzXML,R114-3-Me.mzXML
Salinispora pacifica CNR510,37241,R510-3-Bu.mzXML,R510-3-EA.mzXML,R510-3-Me.mzXML
Salinispora pacifica CNR894,41a.mzXML,GCA_000514755,GCF_000514755,KI911464,NZ_AZWN01000003,NZ_AZWN01000004,NZ_AZWN01000005,NZ_AZWN01000011,NZ_AZWN01000012,NZ_AZWN01000014,NZ_AZWN01000020,NZ_AZWN01000021,NZ_AZWN01000022,NZ_AZWN01000026,NZ_AZWN01000030,NZ_AZWN01000032,NZ_AZWN01000035,NZ_AZWN01000036,NZ_AZWN01000038,NZ_AZWN01000052,NZ_AZWN01000060,NZ_AZWN01000078,NZ_KI911464,NZ_KI911466,R894-3-Bu.mzXML,R894-3-EA.mzXML,R894-3-Me.mzXML
Salinispora pacifica CNR909,34968,R909-3-Bu.mzXML,R909-3-EA.mzXML,R909-3-Me.mzXML
Salinispora pacifica CNR942,34b.mzXML,34c.mzXML,ARGG01000000,GCA_000374665,GCF_000374665,GCF_000374665.1,NZ_KB894848,NZ_KB894850,NZ_KB894851,NZ_KB894854,NZ_KB894856,NZ_KB894857,NZ_KB894859,NZ_KB894860,NZ_KB894861,NZ_KB894863,NZ_KB894865,NZ_KB894866,NZ_KB894871,NZ_KB894873,NZ_KB894875,NZ_KB894878,NZ_KB894883,R942-3-Bu.mzXML,R942-3-EA.mzXML,R942-3-Me.mzXML
Salinispora pacifica CNS055,11a.mzXML,11c.mzXML,GCA_000374685,GCF_000374685,GCF_000374685.1,KB894962,NZ_KB894962,NZ_KB894963,NZ_KB894966,NZ_KB894967,NZ_KB894969,NZ_KB894970,NZ_KB894971,NZ_KB894979,NZ_KB894980,NZ_KB894982,NZ_KB894991,NZ_KB894992,NZ_KB894993,NZ_KB894997,NZ_KB895000,NZ_KB895001,NZ_KB895006,S055-3-Bu.mzXML,S055-3-EA.mzXML,S055-3-Me.mzXML
Salinispora pacifica CNS103,AZWP01000000,GCA_000514795,GCF_000514795,NZ_AZWP01000001,NZ_AZWP01000002,NZ_AZWP01000004,NZ_AZWP01000005,NZ_AZWP01000007,NZ_AZWP01000009,NZ_AZWP01000010,NZ_AZWP01000015,NZ_AZWP01000017,NZ_AZWP01000020,NZ_AZWP01000021,NZ_AZWP01000022,NZ_AZWP01000023,NZ_AZWP01000024,NZ_AZWP01000030,NZ_AZWP01000032,NZ_AZWP01000035,NZ_AZWP01000049,NZ_AZWP01000053,NZ_AZWP01000055,NZ_KI911470,S103-3-Bu.mzXML,S103-3-EA.mzXML,S103-3-Me.mzXML
Salinispora pacifica CNS143,AIIG01,S143-3-Bu.mzXML,S143-3-EA.mzXML,S143-3-Me.mzXML
Salinispora pacifica CNS237,8a.mzXML,8b.mzXML,AUGH01000000,GCA_000424905,GCF_000424905,GCF_000424905.1,NZ_AUGH01000011,NZ_AUGH01000015,NZ_AUGH01000017,NZ_AUGH01000019,NZ_AUGH01000027,NZ_AUGH01000028,NZ_AUGH01000030,NZ_AUGH01000032,NZ_AUGH01000035,NZ_AUGH01000045,NZ_KE384268,NZ_KE384269,NZ_KE384271,NZ_KE384272,S237-3-Bu.mzXML,S237-3-EA.mzXML,S237-3-Me.mzXML
Salinispora pacifica CNS801,34966,S801-3-Bu.mzXML,S801-3-EA.mzXML,S801-3-Me.mzXML
Salinispora pacifica CNS860,ARGI01000000,S860-3-Bu.mzXML,S860-3-EA.mzXML,S860-3-Me.mzXML
Salinispora pacifica CNS863,22a.mzXML,22b.mzXML,ARGJ01000000,GCA_000383995,GCF_000383995,GCF_000383995.1,NZ_KB913022,S863-3-Bu.mzXML,S863-3-EA.mzXML,S863-3-Me.mzXML
Salinispora pacifica CNS960,2517287019,GCA_000378845,GCF_000378845,GCF_000378845.1,NZ_KB905359,S960-3-Bu.mzXML,S960-3-EA.mzXML,S960-3-Me.mzXML
Salinispora pacifica CNS996,ARGK01000000,GCA_000374745,GCF_000374745,NZ_KB895094,NZ_KB895098,NZ_KB895099,NZ_KB895100,NZ_KB895101,NZ_KB895103,NZ_KB895104,NZ_KB895105,NZ_KB895106,NZ_KB895108,NZ_KB895110,NZ_KB895112,NZ_KB895113,NZ_KB895115,NZ_KB895117,NZ_KB895121,NZ_KB895125,NZ_KB895134,NZ_KB895136,NZ_KB895142,NZ_KB895143,NZ_KB895144,S996-3-Bu.mzXML,S996-3-EA.mzXML,S996-3-Me.mzXML
Salinispora pacifica CNT001,AZWC01000000,GCA_000514535,GCF_000514535,GCF_000514535.1,NZ_AZWC01000001,NZ_AZWC01000003,NZ_AZWC01000006,NZ_AZWC01000010,NZ_AZWC01000011,NZ_AZWC01000012,NZ_AZWC01000013,NZ_AZWC01000016,NZ_AZWC01000018,NZ_AZWC01000022,NZ_AZWC01000023,NZ_AZWC01000024,NZ_AZWC01000027,NZ_AZWC01000028,NZ_AZWC01000030,NZ_AZWC01000035,NZ_AZWC01000037,NZ_AZWC01000039,NZ_AZWC01000040,NZ_AZWC01000053,NZ_AZWC01000054,NZ_AZWC01000055,NZ_AZWC01000061,NZ_AZWC01000070,NZ_AZWC01000075,T001-3-Bu.mzXML,T001-3-EA.mzXML,T001-3-Me.mzXML
Salinispora pacifica CNT003,26a.mzXML,26c.mzXML,AZWE01000001,GCA_000514575,GCF_000514575,NZ_AZWE01000001,NZ_AZWE01000003,NZ_AZWE01000005,NZ_AZWE01000006,NZ_AZWE01000007,NZ_AZWE01000009,NZ_AZWE01000011,NZ_AZWE01000013,NZ_AZWE01000014,NZ_AZWE01000019,NZ_AZWE01000020,NZ_AZWE01000023,NZ_AZWE01000024,NZ_AZWE01000028,NZ_AZWE01000030,NZ_AZWE01000034,NZ_AZWE01000038,NZ_AZWE01000040,NZ_AZWE01000044,NZ_AZWE01000051,NZ_AZWE01000052,NZ_AZWE01000065,NZ_AZWE01000076,NZ_AZWE01000089,NZ_AZWE01000092,NZ_AZWE01000097,NZ_AZWE01000099,NZ_AZWE01000107,NZ_AZWE01000113,NZ_KI911430,T003-3-Bu.mzXML,T003-3-EA.mzXML,T003-3-Me.mzXML
Salinispora pacifica CNT029,27a.mzXML,27b.mzXML,GCA_000514515,GCF_000514515,GCF_000514515.1,KI911412,NZ_AZWB01000005,NZ_AZWB01000006,NZ_AZWB01000012,NZ_AZWB01000013,NZ_AZWB01000016,NZ_AZWB01000024,NZ_KI911412,NZ_KI911413,NZ_KI911414,NZ_KI911416,T029-3-Bu.mzXML,T029-3-EA.mzXML,T029-3-Me.mzXML
Salinispora pacifica CNT045,ARGL01000000,GCA_000374765,GCF_000374765,GCF_000374765.1,NZ_KB895207,NZ_KB895208,NZ_KB895210,NZ_KB895213,NZ_KB895214,NZ_KB895215,NZ_KB895217,NZ_KB895218,NZ_KB895219,NZ_KB895220,NZ_KB895221,NZ_KB895225,NZ_KB895226,NZ_KB895228,NZ_KB895231,NZ_KB895238,NZ_KB895239,NZ_KB895251,NZ_KB895260,T045-3-Bu.mzXML,T045-3-EA.mzXML,T045-3-Me.mzXML
Salinispora pacifica CNT084,AZWA01000000,GCA_000514495,GCF_000514495,NZ_AZWA01000001,NZ_AZWA01000004,NZ_AZWA01000007,NZ_AZWA01000008,NZ_AZWA01000009,NZ_AZWA01000010,NZ_AZWA01000012,NZ_AZWA01000015,NZ_AZWA01000016,NZ_AZWA01000017,NZ_AZWA01000019,NZ_AZWA01000029,NZ_AZWA01000031,NZ_AZWA01000034,NZ_AZWA01000036,NZ_AZWA01000042,NZ_AZWA01000049,NZ_AZWA01000051,NZ_AZWA01000057,NZ_AZWA01000059,NZ_AZWA01000065,NZ_AZWA01000068,NZ_AZWA01000091,NZ_AZWA01000112,NZ_AZWA01000138,NZ_KI911409,NZ_KI911411,T084-3-Bu.mzXML,T084-3-EA.mzXML,T084-3-Me.mzXML
Salinispora pacifica CNT124,ARGM01000000,GCA_000374785,GCF_000374785,GCF_000374785.1,NZ_KB895287,NZ_KB895288,NZ_KB895289,NZ_KB895293,NZ_KB895296,NZ_KB895298,NZ_KB895299,NZ_KB895300,NZ_KB895302,NZ_KB895304,NZ_KB895305,NZ_KB895312,NZ_KB895314,NZ_KB895315,NZ_KB895316,NZ_KB895319,T124-3-Bu.mzXML,T124-3-EA.mzXML,T124-3-Me.mzXML
Salinispora pacifica CNT131,AZVZ01000000,GCA_000514475,GCF_000514475,NZ_AZVZ01000001,NZ_AZVZ01000002,NZ_AZVZ01000003,NZ_AZVZ01000004,NZ_AZVZ01000005,NZ_AZVZ01000007,NZ_AZVZ01000008,NZ_AZVZ01000009,NZ_AZVZ01000013,NZ_AZVZ01000021,NZ_AZVZ01000022,NZ_AZVZ01000024,NZ_AZVZ01000026,NZ_AZVZ01000029,NZ_AZVZ01000036,NZ_AZVZ01000037,NZ_AZVZ01000039,NZ_AZVZ01000040,NZ_AZVZ01000046,NZ_AZVZ01000050,NZ_AZVZ01000051,NZ_AZVZ01000059,NZ_AZVZ01000067,NZ_AZVZ01000069,NZ_AZVZ01000072,NZ_AZVZ01000079,NZ_AZVZ01000080,NZ_AZVZ01000085,NZ_KI911405,NZ_KI911407,T131-3-Bu.mzXML,T131-3-EA.mzXML,T131-3-Me.mzXML
Salinispora pacifica CNT133,2516653042,GCA_000384095,GCF_000384095,GCF_000384095.1,NZ_KB913027,T133-3-Bu.mzXML,T133-3-EA.mzXML,T133-3-Me.mzXML
Salinispora pacifica CNT138,19a.mzXML,19c.mzXML,KB911579,T138-3-Bu.mzXML,T138-3-EA.mzXML,T138-3-Me.mzXML
Salinispora pacifica CNT148,25b.mzXML,25c.mzXML,AZWJ01000000,GCA_000378825,GCF_000378825,GCF_000378825.1,NZ_KB900388,T148-3-Bu.mzXML,T148-3-EA.mzXML,T148-3-Me.mzXML
Salinispora pacifica CNT150,23a.mzXML,GCA_000379065,GCF_000379065,GCF_000379065.1,KB900614,NZ_KB900614,T150-3-Bu.mzXML,T150-3-EA.mzXML,T150-3-Me.mzXML
Salinispora pacifica CNT403,34964,T403-3-Bu.mzXML,T403-3-EA.mzXML,T403-3-Me.mzXML
Salinispora pacifica CNT569,AZWQ01000000,GCA_000514815,GCF_000514815,GCF_000514815.1,NZ_AZWQ01000008,NZ_AZWQ01000010,NZ_AZWQ01000016,NZ_AZWQ01000018,NZ_AZWQ01000019,NZ_AZWQ01000020,NZ_AZWQ01000021,NZ_AZWQ01000024,NZ_AZWQ01000026,NZ_AZWQ01000033,NZ_KI911471,NZ_KI911472,NZ_KI911473,NZ_KI911474,T569-3-Bu.mzXML,T569-3-EA.mzXML,T569-3-Me.mzXML
Salinispora pacifica CNT584,ARHJ01000000,GCA_000375245,GCF_000375245,GCF_000375245.1,NZ_KB896760,NZ_KB896761,NZ_KB896764,NZ_KB896767,NZ_KB896768,NZ_KB896769,NZ_KB896770,NZ_KB896771,NZ_KB896772,NZ_KB896773,NZ_KB896779,NZ_KB896780,NZ_KB896782,NZ_KB896787,NZ_KB896791,NZ_KB896793,NZ_KB896794,NZ_KB896797,NZ_KB896801,NZ_KB896810,T584-3-Bu.mzXML,T584-3-EA.mzXML,T584-3-Me.mzXML
Salinispora pacifica CNT603,AZVW01000000,GCA_000514415,GCF_000514415,GCF_000514415.1,NZ_AZVW01000002,NZ_AZVW01000003,NZ_AZVW01000004,NZ_AZVW01000005,NZ_AZVW01000008,NZ_AZVW01000009,NZ_AZVW01000010,NZ_AZVW01000011,NZ_AZVW01000012,NZ_AZVW01000014,NZ_AZVW01000016,NZ_AZVW01000023,NZ_AZVW01000027,NZ_AZVW01000028,NZ_AZVW01000029,NZ_AZVW01000031,NZ_AZVW01000033,NZ_AZVW01000036,NZ_AZVW01000038,NZ_AZVW01000039,NZ_AZVW01000052,NZ_KI911396,T603-3-Bu.mzXML,T603-3-EA.mzXML,T603-3-Me.mzXML
Salinispora pacifica CNT609,ARHK01000000,GCA_000375265,GCF_000375265,GCF_000375265.1,NZ_KB904915,NZ_KB904916,NZ_KB904919,NZ_KB904921,NZ_KB904922,NZ_KB904924,NZ_KB904925,NZ_KB904926,NZ_KB904930,NZ_KB904932,NZ_KB904933,NZ_KB904936,NZ_KB904940,NZ_KB904943,NZ_KB904950,NZ_KB904951,NZ_KB904955,NZ_KB904961,NZ_KB904967,NZ_KB904970,NZ_KB904980,NZ_KB904983,T609-3-Bu.mzXML,T609-3-EA.mzXML,T609-3-Me.mzXML
Salinispora pacifica CNT796,AZWM01000000,GCA_000514735,GCF_000514735,GCF_000514735.1,NZ_AZWM01000001,NZ_AZWM01000002,NZ_AZWM01000003,NZ_AZWM01000005,NZ_AZWM01000006,NZ_AZWM01000014,NZ_AZWM01000016,NZ_AZWM01000018,NZ_AZWM01000021,NZ_AZWM01000022,NZ_AZWM01000023,NZ_AZWM01000025,NZ_AZWM01000028,NZ_AZWM01000033,NZ_AZWM01000039,NZ_AZWM01000040,NZ_AZWM01000041,NZ_AZWM01000054,NZ_AZWM01000058,NZ_AZWM01000064,NZ_KI911463,T796-3-Bu.mzXML,T796-3-EA.mzXML,T796-3-Me.mzXML
Salinispora pacifica CNT851,35a.mzXML,35b.mzXML,ARHL01000000,KB896839,T851-3-Bu.mzXML,T851-3-EA.mzXML,T851-3-Me.mzXML
Salinispora pacifica CNT854,AZWR01000000,GCA_000514835,GCF_000514835,NZ_AZWR01000001,NZ_AZWR01000002,NZ_AZWR01000003,NZ_AZWR01000016,NZ_AZWR01000017,NZ_AZWR01000019,NZ_AZWR01000030,NZ_AZWR01000035,NZ_AZWR01000037,NZ_AZWR01000039,NZ_AZWR01000040,NZ_AZWR01000056,NZ_AZWR01000060,NZ_AZWR01000063,NZ_KI911475,NZ_KI911481,T854-3-Bu.mzXML,T854-3-EA.mzXML,T854-3-Me.mzXML
Salinispora pacifica CNT855,29a.mzXML,AZWS01000000,GCA_000514855,GCF_000514855,GCF_000514855.1,NZ_AZWS01000001,NZ_AZWS01000004,NZ_AZWS01000008,NZ_AZWS01000012,NZ_AZWS01000013,NZ_AZWS01000014,NZ_AZWS01000015,NZ_AZWS01000016,NZ_AZWS01000024,NZ_AZWS01000025,NZ_AZWS01000028,NZ_AZWS01000034,NZ_AZWS01000036,NZ_AZWS01000037,NZ_AZWS01000038,NZ_AZWS01000040,NZ_AZWS01000048,NZ_AZWS01000051,NZ_AZWS01000053,NZ_AZWS01000062,NZ_KI911483,T855-3-Bu.mzXML,T855-3-EA.mzXML,T855-3-Me.mzXML
Salinispora pacifica CNY202,7a.mzXML,7b.mzXML,AXVR01000001,GCA_000484695,GCF_000484695,NZ_AXVR01000001,NZ_AXVR01000002,NZ_AXVR01000003,NZ_AXVR01000005,NZ_AXVR01000006,NZ_AXVR01000007,NZ_AXVR01000008,NZ_AXVR01000012,NZ_AXVR01000017,NZ_AXVR01000023,NZ_AXVR01000024,NZ_AXVR01000030,NZ_AXVR01000033,NZ_AXVR01000034,NZ_AXVR01000041,NZ_AXVR01000044,NZ_AXVR01000045,NZ_AXVR01000046,NZ_AXVR01000049,NZ_AXVR01000056,NZ_AXVR01000063,NZ_AXVR01000064,NZ_AXVR01000066,NZ_AXVR01000068,Y202-3-Bu.mzXML,Y202-3-EA.mzXML,Y202-3-Me.mzXML
Salinispora pacifica CNY239,AUKU01000000,GCA_000424925,GCF_000424925,GCF_000424925.1,NZ_AUKU01000001,NZ_AUKU01000002,NZ_AUKU01000006,NZ_AUKU01000010,NZ_AUKU01000012,NZ_AUKU01000015,NZ_AUKU01000016,NZ_AUKU01000017,NZ_AUKU01000022,NZ_AUKU01000023,NZ_AUKU01000026,NZ_AUKU01000033,NZ_AUKU01000034,NZ_AUKU01000040,NZ_AUKU01000050,NZ_AUKU01000052,NZ_AUKU01000053,NZ_AUKU01000055,NZ_AUKU01000057,NZ_AUKU01000059,NZ_AUKU01000061,NZ_AUKU01000071,NZ_KE384276,NZ_KE384277,Y239-3-Bu.mzXML,Y239-3-EA.mzXML,Y239-3-Me.mzXML
Salinispora pacifica CNY330,10b.mzXML,ARHN01000000,GCA_000377025,GCF_000377025,NZ_KB897006,NZ_KB897007,NZ_KB897008,NZ_KB897011,NZ_KB897012,NZ_KB897015,NZ_KB897016,NZ_KB897018,NZ_KB897023,NZ_KB897024,NZ_KB897025,NZ_KB897031,NZ_KB897032,NZ_KB897037,NZ_KB897039,NZ_KB897040,NZ_KB897042,NZ_KB897043,NZ_KB897060,NZ_KB897061,NZ_KB897063,NZ_KB897080,NZ_KB897081,NZ_KB897084,NZ_KB897089,NZ_KB897095,Y330-3-Bu.mzXML,Y330-3-EA.mzXML,Y330-3-Me.mzXML
Salinispora pacifica CNY331,ARHO01000000,Y331-3-Bu.mzXML,Y331-3-EA.mzXML,Y331-3-Me.mzXML
Salinispora pacifica CNY363,35581,Y363-3-Bu.mzXML,Y363-3-EA.mzXML,Y363-3-Me.mzXML
Salinispora pacifica CNY498,35607,Y498-3-Bu.mzXML,Y498-3-EA.mzXML,Y498-3-Me.mzXML
Salinispora pacifica CNY646,35578,Y646-3-Bu.mzXML,Y646-3-EA.mzXML,Y646-3-Me.mzXML
Salinispora pacifica CNY666,35579,Y666-3-Bu.mzXML,Y666-3-EA.mzXML,Y666-3-Me.mzXML
Salinispora pacifica CNY673,Y673-3-Bu.mzXML,Y673-3-EA.mzXML,Y673-3-Me.mzXML
Salinispora pacifica CNY703,35561,Y703-3-Bu.mzXML,Y703-3-EA.mzXML,Y703-3-Me.mzXML
Salinispora tropica CNB440,38a.mzXML,38b.mzXML,B440-3-Bu.mzXML,B440-3-EA.mzXML,B440-3-Me.mzXML,GCA_000016425,GCF_000016425,GCF_000016425.1,NC_009380
Salinispora tropica CNB476,AZXE01000000,B476-3-Bu.mzXML,B476-3-EA.mzXML,B476-3-Me.mzXML,GCA_000515095,GCF_000515095,GCF_000515095.1,NZ_AZXE01000001,NZ_AZXE01000002,NZ_AZXE01000003,NZ_AZXE01000007,NZ_AZXE01000009,NZ_AZXE01000011,NZ_AZXE01000015,NZ_AZXE01000017,NZ_AZXE01000021,NZ_AZXE01000027,NZ_AZXE01000033,NZ_AZXE01000039,NZ_AZXE01000045,NZ_AZXE01000068
Salinispora tropica CNB536,2a.mzXML,2b.mzXML,AZXD01000001,B536-3-Bu.mzXML,B536-3-EA.mzXML,B536-3-Me.mzXML,GCA_000515075,GCF_000515075,NZ_AZXD01000001,NZ_AZXD01000004,NZ_AZXD01000007,NZ_AZXD01000009,NZ_AZXD01000010,NZ_AZXD01000020,NZ_AZXD01000022,NZ_AZXD01000025,NZ_AZXD01000032,NZ_AZXD01000036,NZ_AZXD01000039,NZ_AZXD01000040,NZ_AZXD01000042,NZ_AZXD01000044,NZ_AZXD01000049,NZ_AZXD01000056,NZ_AZXD01000066,NZ_AZXD01000070,NZ_AZXD01000076,NZ_AZXD01000093,NZ_AZXD01000095,NZ_AZXD01000098,NZ_KI911524,NZ_KI911525
Salinispora tropica CNH898,AZXH01000000,GCA_000515155,GCF_000515155,H898-3-Bu.mzXML,H898-3-EA.mzXML,H898-3-Me.mzXML,NZ_AZXH01000001,NZ_AZXH01000004,NZ_AZXH01000006,NZ_AZXH01000017,NZ_AZXH01000019,NZ_AZXH01000030,NZ_AZXH01000031,NZ_AZXH01000032,NZ_AZXH01000036,NZ_AZXH01000038,NZ_AZXH01000039,NZ_AZXH01000040,NZ_AZXH01000051,NZ_AZXH01000052,NZ_AZXH01000054,NZ_AZXH01000055,NZ_AZXH01000056,NZ_AZXH01000057,NZ_AZXH01000062,NZ_AZXH01000077,NZ_AZXH01000082,NZ_AZXH01000092,NZ_KI911544,NZ_KI911546,NZ_KI911549
Salinispora tropica CNR699,ARHP01000000,R699-3-Bu.mzXML,R699-3-EA.mzXML,R699-3-Me.mzXML
Salinispora tropica CNS197,36a.mzXML,36b.mzXML,AZWK01000001,GCA_000514695,GCF_000514695,GCF_000514695.1,NZ_AZWK01000002,NZ_AZWK01000003,NZ_AZWK01000006,NZ_AZWK01000009,NZ_AZWK01000019,NZ_AZWK01000021,NZ_AZWK01000022,NZ_AZWK01000027,NZ_AZWK01000038,NZ_AZWK01000061,NZ_KI911452,NZ_KI911456,NZ_KI911458,S197-3-Bu.mzXML,S197-3-EA.mzXML,S197-3-Me.mzXML
Salinispora tropica CNS416,ARHQ01000000,S416-3-Bu.mzXML,S416-3-EA.mzXML,S416-3-Me.mzXML
Salinispora tropica CNT250,GCA_000620345,GCF_000620345,GCF_000620345.1,JHVW01000000,NZ_JHVW01000003,NZ_JHVW01000011,NZ_JHVW01000012,NZ_JHVW01000022,NZ_JHVW01000024,NZ_JHVW01000027,NZ_JHVW01000038,NZ_JHVW01000044,NZ_JHVW01000056,NZ_KK211116,NZ_KK211117,NZ_KK211118,NZ_KK211121,T250-3-Bu.mzXML,T250-3-EA.mzXML,T250-3-Me.mzXML
Salinispora tropica CNT261,AUKS01000000,GCA_000424865,GCF_000424865,GCF_000424865.1,NZ_AUKS01000001,NZ_AUKS01000002,NZ_AUKS01000003,NZ_AUKS01000008,NZ_AUKS01000009,NZ_AUKS01000013,NZ_AUKS01000015,NZ_AUKS01000016,NZ_AUKS01000019,NZ_AUKS01000021,NZ_AUKS01000023,NZ_AUKS01000025,NZ_AUKS01000028,NZ_AUKS01000029,NZ_AUKS01000031,NZ_AUKS01000038,NZ_AUKS01000046,NZ_AUKS01000071,NZ_AUKS01000076,T261-3-Bu.mzXML,T261-3-EA.mzXML,T261-3-Me.mzXML
Salinispora tropica CNY012,5a.mzXML,5b.mzXML,GCA_000620325,GCF_000620325,JHVV01000001,NZ_JHVV01000001,NZ_JHVV01000004,NZ_JHVV01000005,NZ_JHVV01000007,NZ_JHVV01000008,NZ_JHVV01000014,NZ_JHVV01000015,NZ_JHVV01000020,NZ_JHVV01000021,NZ_JHVV01000022,NZ_JHVV01000027,NZ_JHVV01000028,NZ_JHVV01000045,NZ_JHVV01000049,NZ_JHVV01000050,NZ_JHVV01000078,Y012-3-Bu.mzXML,Y012-3-EA.mzXML,Y012-3-Me.mzXML
Salinispora tropica CNY678,35127,Y678-3-Bu.mzXML,Y678-3-EA.mzXML,Y678-3-Me.mzXML
Salinispora tropica CNY681,35126,Y681-3-Bu.mzXML,Y681-3-EA.mzXML,Y681-3-Me.mzXML
Streptomyces afghanensis,GCA_000415505,KE353788,KE353840,KE353955,KE354011,KE354039,KE354056,KE354077,KE354089,KE354095,KE354098,KE354146,KE354149,KE354155,KE354156,KE354160,KE354179,KE354187,KE354202,KE354204,KE354206,KE354210,KE354211,KE354221,KE354236,KE354250,KE354277,KE354281,KE354297,KE354303,KE354310,KE354320,KE354321,KE354328,KE354365,KE354369,KE354377,KE354378,KE354379,KE354380,KE354388,KE354447,KE354466,KE354468,KE354475,KE354477,KE354483,KE354488,KE354500,KE354501,KE355394,S.afg_A1_B.mzXML,S.afg_A1_E.mzXML,S.afg_A1_M.mzXML,S.afg_MS_B.mzXML,S.afg_MS_E.mzXML,S.afg_MS_M.mzXML,S.afg_R5_B.mzXML,S.afg_R5_E.mzXML,S.afg_R5_M.mzXML
Streptomyces albus,S.alb_A1_B.mzXML,S.alb_A1_E.mzXML,S.alb_A1_M.mzXML,S.alb_MS_B.mzXML,S.alb_MS_E.mzXML,S.alb_MS_M.mzXML,S.alb_R5_B.mzXML,S.alb_R5_E.mzXML,S.alb_R5_M.mzXML
Streptomyces cattleya,CP003219,CP003229,GCA_000240165,S.cat_A1_B.mzXML,S.cat_A1_E.mzXML,S.cat_A1_M.mzXML,S.cat_MS_B.mzXML,S.cat_MS_E.mzXML,S.cat_MS_M.mzXML,S.cat_R5_B.mzXML,S.cat_R5_E.mzXML,S.cat_R5_M.mzXML
Streptomyces coelicolor,GCF_000203835,NC_003888,NC_003903,S.co_A1_B.mzXML,S.co_A1_E.mzXML,S.co_A1_M.mzXML,S.co_MS_B.mzXML,S.co_MS_E.mzXML,S.co_MS_M.mzXML,S.co_R5_B.mzXML,S.co_R5_E.mzXML,S.co_R5_M.mzXML
Streptomyces ghanaensis,DS999641,DS999642,GCA_000156435,GCF_000156435,GCF_000156435.1,NZ_DS999641,NZ_DS999642,S.gha_A1_B.mzXML,S.gha_A1_E.mzXML,S.gha_A1_M.mzXML,S.gha_MS_B.mzXML,S.gha_MS_E.mzXML,S.gha_MS_M.mzXML,S.gha_R5_B.mzXML,S.gha_R5_E.mzXML,S.gha_R5_M.mzXML
Streptomyces griseoflavus Tu4000,GCA_000158975,GCF_000158975,GCF_000158975.1,GG657758,NZ_GG657758,S.grif_A1_B.mzXML,S.grif_A1_E.mzXML,S.grif_A1_M.mzXML,S.grif_MS_B.mzXML,S.grif_MS_E.mzXML,S.grif_MS_M.mzXML,S.grif_R5_B.mzXML,S.grif_R5_E.mzXML,S.grif_R5_M.mzXML
Streptomyces griseus,.gris_MS_M.mzXML,CP032543,GCA_003610995,GCF_003610995,GCF_003610995.1,NZ_CP032543,S.gris_A1_B.mzXML,S.gris_A1_E.mzXML,S.gris_A1_M.mzXML,S.gris_MS_B.mzXML,S.gris_MS_E.mzXML,S.gris_R5_B.mzXML,S.gris_R5_E.mzXML,S.gris_R5_M.mzXML
Streptomyces hygroscopicus,GCA_000158915,GG657754,S.hyg_A1_B.mzXML,S.hyg_A1_E.mzXML,S.hyg_A1_M.mzXML,S.hyg_MS_B.mzXML,S.hyg_MS_E.mzXML,S.hyg_MS_M.mzXML,S.hyg_R5_B.mzXML,S.hyg_R5_E.mzXML,S.hyg_R5_M.mzXML
Streptomyces lividans,CP009124,GCA_000739105,S.liv_A1_B.mzXML,S.liv_A1_E.mzXML,S.liv_A1_M.mzXML,S.liv_MS_B.mzXML,S.liv_MS_E.mzXML,S.liv_MS_M.mzXML,S.liv_R5_B.mzXML,S.liv_R5_E.mzXML,S.liv_R5_M.mzXML
Streptomyces roseosporus,ABYX02000001,GCA_000156695,S.ros_A1_B.mzXML,S.ros_A1_E.mzXML,S.ros_A1_M.mzXML,S.ros_MS_B.mzXML,S.ros_MS_E.mzXML,S.ros_MS_M.mzXML,S.ros_R5_B.mzXML,S.ros_R5_E.mzXML,S.ros_R5_M.mzXML
Streptomyces sp. CNB091,ARJI01000000,CNB091_A1_B.mzXML,CNB091_A1_E.mzXML,CNB091_A1_M.mzXML,CNB091_MS_B.mzXML,CNB091_MS_E.mzXML,CNB091_MS_M.mzXML,CNB091_R5_B.mzXML,CNB091_R5_E.mzXML,CNB091_R5_M.mzXML,GCA_000377965,GCF_000377965,GCF_000377965.1,KB898990,KB898991,KB898992,KB898993,KB898995,KB898996,KB898997,KB898998,KB898999,KB899001,KB899004,KB899005,KB899006,KB899007,KB899009,KB899010,KB899014,KB899017,KB899022,KB899023,KB899024,KB899029,KB899030,KB899032,KB899035,NZ_KB898990,NZ_KB898991,NZ_KB898992,NZ_KB898993,NZ_KB898995,NZ_KB898996,NZ_KB898997,NZ_KB898998,NZ_KB898999,NZ_KB899001,NZ_KB899004,NZ_KB899005,NZ_KB899006,NZ_KB899007,NZ_KB899009,NZ_KB899010,NZ_KB899014,NZ_KB899017,NZ_KB899022,NZ_KB899023,NZ_KB899024,NZ_KB899029,NZ_KB899030,NZ_KB899032,NZ_KB899035
Streptomyces sp. CNH099,AZWL01000000,AZWL01000001,AZWL01000004,AZWL01000005,AZWL01000006,AZWL01000007,AZWL01000008,AZWL01000009,AZWL01000010,AZWL01000011,AZWL01000014,AZWL01000018,AZWL01000019,AZWL01000020,AZWL01000022,AZWL01000024,AZWL01000027,AZWL01000044,AZWL01000047,AZWL01000052,AZWL01000057,AZWL01000058,AZWL01000070,AZWL01000072,AZWL01000075,AZWL01000076,AZWL01000077,AZWL01000078,AZWL01000085,CNH099_A1_B.mzXML,CNH099_A1_E.mzXML,CNH099_A1_M.mzXML,CNH099_MS_B.mzXML,CNH099_MS_E.mzXML,CNH099_MS_M.mzXML,CNH099_R5_B.mzXML,CNH099_R5_E.mzXML,CNH099_R5_M.mzXML,GCA_000514715,KI911459
Streptomyces sp. CNH189,AZUS01000000,AZUS01000003,AZUS01000004,AZUS01000006,AZUS01000007,AZUS01000008,AZUS01000010,AZUS01000013,AZUS01000017,AZUS01000020,AZUS01000023,AZUS01000024,AZUS01000025,AZUS01000032,AZUS01000033,AZUS01000034,AZUS01000036,AZUS01000041,AZUS01000042,AZUS01000047,AZUS01000048,CNH189_A1_B.mzXML,CNH189_A1_E.mzXML,CNH189_A1_M.mzXML,CNH189_MS_B.mzXML,CNH189_MS_E.mzXML,CNH189_MS_M.mzXML,CNH189_R5_B.mzXML,CNH189_R5_E.mzXML,CNH189_R5_M.mzXML,GCA_000527195,GCF_000527195,GCF_000527195.1,NZ_AZUS01000003,NZ_AZUS01000004,NZ_AZUS01000006,NZ_AZUS01000007,NZ_AZUS01000008,NZ_AZUS01000010,NZ_AZUS01000013,NZ_AZUS01000017,NZ_AZUS01000020,NZ_AZUS01000023,NZ_AZUS01000024,NZ_AZUS01000025,NZ_AZUS01000032,NZ_AZUS01000033,NZ_AZUS01000036,NZ_AZUS01000041,NZ_AZUS01000042,NZ_AZUS01000047,NZ_AZUS01000048
Streptomyces sp. CNH287,AUKQ01000000,AUKQ01000003,AUKQ01000004,AUKQ01000005,AUKQ01000006,AUKQ01000011,AUKQ01000012,AUKQ01000013,AUKQ01000014,AUKQ01000015,AUKQ01000016,AUKQ01000018,AUKQ01000019,AUKQ01000024,AUKQ01000025,AUKQ01000029,AUKQ01000034,AUKQ01000036,AUKQ01000044,CNH287_A1_B.mzXML,CNH287_A1_E.mzXML,CNH287_A1_M.mzXML,CNH287_MS_B.mzXML,CNH287_MS_E.mzXML,CNH287_MS_M.mzXML,CNH287_R5_B.mzXML,CNH287_R5_E.mzXML,CNH287_R5_M.mzXML,GCA_000424825,KE384251,KE384252,KE384253
Streptomyces sp. CNP082,15294,CNP082_A1_B.mzXML,CNP082_A1_E.mzXML,CNP082_A1_M.mzXML,CNP082_MS_B.mzXML,CNP082_MS_E.mzXML,CNP082_MS_M.mzXML,CNP082_R5_B.mzXML,CNP082_R5_E.mzXML,CNP082_R5_M.mzXML
Streptomyces sp. CNQ149,CNQ149_A1_B.mzXML,CNQ149_A1_E.mzXML,CNQ149_A1_M.mzXML,CNQ149_MS_B.mzXML,CNQ149_MS_E.mzXML,CNQ149_MS_M.mzXML,CNQ149_R5_B.mzXML,CNQ149_R5_E.mzXML,CNQ149_R5_M.mzXML
Streptomyces sp. CNQ329,AXVU01000000,AXVU01000001,AXVU01000004,AXVU01000007,AXVU01000011,AXVU01000014,AXVU01000017,AXVU01000019,AXVU01000021,AXVU01000022,AXVU01000026,AXVU01000027,AXVU01000030,AXVU01000031,AXVU01000035,AXVU01000050,AXVU01000051,AXVU01000052,AXVU01000055,AXVU01000064,AXVU01000072,AXVU01000075,AXVU01000079,AXVU01000085,AXVU01000092,AXVU01000095,AXVU01000097,AXVU01000101,AXVU01000112,AXVU01000132,AXVU01000134,CNQ329_A1_B.mzXML,CNQ329_A1_E.mzXML,CNQ329_A1_M.mzXML,CNQ329_MS_B.mzXML,CNQ329_MS_E.mzXML,CNQ329_MS_M.mzXML,CNQ329_R5_B.mzXML,CNQ329_R5_E.mzXML,CNQ329_R5_M.mzXML,GCA_000482585,KI519460
Streptomyces sp. CNQ525,35130,CNQ525_A1_B.mzXML,CNQ525_A1_E.mzXML,CNQ525_A1_M.mzXML,CNQ525_MS_B.mzXML,CNQ525_MS_E.mzXML,CNQ525_MS_M.mzXML,CNQ525_R5_B.mzXML,CNQ525_R5_E.mzXML,CNQ525_R5_M.mzXML
Streptomyces sp. CNQ766,ARHR01000000,CNQ766_A1_B.mzXML,CNQ766_A1_E.mzXML,CNQ766_A1_M.mzXML,CNQ766_MS_B.mzXML,CNQ766_MS_E.mzXML,CNQ766_MS_M.mzXML,CNQ766_R5_B.mzXML,CNQ766_R5_E.mzXML,CNQ766_R5_M.mzXML
Streptomyces sp. CNQ865,AUKP01000000,AUKP01000001,AUKP01000002,AUKP01000003,AUKP01000004,AUKP01000005,AUKP01000006,AUKP01000007,AUKP01000008,AUKP01000009,AUKP01000014,AUKP01000015,AUKP01000016,AUKP01000017,AUKP01000018,AUKP01000019,AUKP01000022,AUKP01000024,AUKP01000027,AUKP01000029,AUKP01000030,AUKP01000031,AUKP01000032,AUKP01000040,AUKP01000047,AUKP01000050,AUKP01000052,AUKP01000053,AUKP01000055,AUKP01000056,AUKP01000061,AUKP01000062,AUKP01000063,AUKP01000065,AUKP01000068,AUKP01000069,AUKP01000072,AUKP01000076,AUKP01000090,CNQ865_A1_B.mzXML,CNQ865_A1_E.mzXML,CNQ865_A1_M.mzXML,CNQ865_MS_B.mzXML,CNQ865_MS_E.mzXML,CNQ865_MS_M.mzXML,CNQ865_R5_B.mzXML,CNQ865_R5_E.mzXML,CNQ865_R5_M.mzXML,GCA_000424805,KE384250
Streptomyces sp. CNR698,AZXC01000000,AZXC01000001,AZXC01000002,AZXC01000006,AZXC01000008,AZXC01000009,AZXC01000010,AZXC01000013,AZXC01000014,AZXC01000017,AZXC01000018,AZXC01000019,AZXC01000020,AZXC01000021,AZXC01000022,AZXC01000023,AZXC01000038,AZXC01000040,AZXC01000043,AZXC01000044,AZXC01000047,AZXC01000056,AZXC01000064,CNR698_A1_B.mzXML,CNR698_A1_E.mzXML,CNR698_A1_M.mzXML,CNR698_MS_B.mzXML,CNR698_MS_E.mzXML,CNR698_MS_M.mzXML,CNR698_R5_B.mzXML,CNR698_R5_E.mzXML,CNR698_R5_M.mzXML,GCA_000515055,GCF_000515055,GCF_000515055.1,KI911521,KI911522,NZ_AZXC01000001,NZ_AZXC01000002,NZ_AZXC01000006,NZ_AZXC01000008,NZ_AZXC01000009,NZ_AZXC01000010,NZ_AZXC01000013,NZ_AZXC01000014,NZ_AZXC01000017,NZ_AZXC01000018,NZ_AZXC01000019,NZ_AZXC01000020,NZ_AZXC01000021,NZ_AZXC01000022,NZ_AZXC01000023,NZ_AZXC01000038,NZ_AZXC01000040,NZ_AZXC01000043,NZ_AZXC01000047,NZ_AZXC01000056,NZ_AZXC01000064,NZ_KI911521,NZ_KI911522
Streptomyces sp. CNS335,ARHS01000000,CNS335_A1_B.mzXML,CNS335_A1_E.mzXML,CNS335_A1_M.mzXML,CNS335_MS_B.mzXML,CNS335_MS_E.mzXML,CNS335_MS_M.mzXML,CNS335_R5_B.mzXML,CNS335_R5_E.mzXML,CNS335_R5_M.mzXML,GCA_000377125,GCF_000377125,GCF_000377125.1,KB897620,KB897621,KB897622,KB897624,KB897625,KB897626,KB897627,KB897628,KB897629,KB897631,KB897632,KB897633,KB897634,KB897635,KB897636,KB897638,KB897641,KB897643,KB897646,KB897648,KB897650,KB897654,KB897656,KB897658,KB897659,KB897660,KB897667,KB897668,KB897671,KB897672,KB897675,KB897677,KB897682,KB897686,KB897691,KB897706,NZ_KB897620,NZ_KB897621,NZ_KB897622,NZ_KB897624,NZ_KB897625,NZ_KB897626,NZ_KB897627,NZ_KB897628,NZ_KB897629,NZ_KB897631,NZ_KB897632,NZ_KB897633,NZ_KB897635,NZ_KB897636,NZ_KB897638,NZ_KB897641,NZ_KB897643,NZ_KB897644,NZ_KB897646,NZ_KB897648,NZ_KB897650,NZ_KB897654,NZ_KB897656,NZ_KB897658,NZ_KB897659,NZ_KB897660,NZ_KB897667,NZ_KB897668,NZ_KB897671,NZ_KB897672,NZ_KB897675,NZ_KB897677,NZ_KB897682,NZ_KB897686,NZ_KB897691,NZ_KB897706
Streptomyces sp. CNS580,CNS580_A1_B.mzXML,CNS580_A1_E.mzXML,CNS580_A1_M.mzXML,CNS580_MS_B.mzXML,CNS580_MS_E.mzXML,CNS580_MS_M.mzXML,CNS580_R5_B.mzXML,CNS580_R5_E.mzXML,CNS580_R5_M.mzXML
Streptomyces sp. CNS606,AUFD01000000,AUFD01000005,AUFD01000006,AUFD01000009,AUFD01000010,AUFD01000011,AUFD01000012,AUFD01000013,AUFD01000017,AUFD01000018,AUFD01000019,AUFD01000025,AUFD01000029,AUFD01000031,AUFD01000032,AUFD01000037,AUFD01000040,AUFD01000043,AUFD01000044,AUFD01000056,AUFD01000058,CNS606_A1_B.mzXML,CNS606_A1_E.mzXML,CNS606_A1_M.mzXML,CNS606_MS_B.mzXML,CNS606_MS_E.mzXML,CNS606_MS_M.mzXML,CNS606_R5_B.mzXML,CNS606_R5_E.mzXML,CNS606_R5_M.mzXML,GCA_000426325,GCF_000426325,GCF_000426325.1,KE384521,KE384522,NZ_AUFD01000005,NZ_AUFD01000006,NZ_AUFD01000009,NZ_AUFD01000010,NZ_AUFD01000011,NZ_AUFD01000012,NZ_AUFD01000013,NZ_AUFD01000017,NZ_AUFD01000018,NZ_AUFD01000019,NZ_AUFD01000025,NZ_AUFD01000029,NZ_AUFD01000031,NZ_AUFD01000032,NZ_AUFD01000037,NZ_AUFD01000040,NZ_AUFD01000043,NZ_AUFD01000044,NZ_AUFD01000056,NZ_AUFD01000058,NZ_KE384521,NZ_KE384522
Streptomyces sp. CNS615,AQPE01000000,CNS615_A1_B.mzXML,CNS615_A1_E.mzXML,CNS615_A1_M.mzXML,CNS615_MS_B.mzXML,CNS615_MS_E.mzXML,CNS615_MS_M.mzXML,CNS615_R5_B.mzXML,CNS615_R5_E.mzXML,CNS615_R5_M.mzXML,GCA_000365385,KB846715,KB846716,KB846722,KB846724,KB846726,KB846729,KB846730,KB846732,KB846734,KB846735,KB846736,KB846737,KB846738,KB846741,KB846742,KB846746,KB846750,KB846758,KB846759,KB846763,KB846765,KB846766,KB846767,KB846771
Streptomyces sp. CNS654,CNS654_A1_B.mzXML,CNS654_A1_E.mzXML,CNS654_A1_M.mzXML,CNS654_MS_B.mzXML,CNS654_MS_E.mzXML,CNS654_MS_M.mzXML,CNS654_R5_B.mzXML,CNS654_R5_E.mzXML,CNS654_R5_M.mzXML,GCA_000702365,GCF_000702365,GCF_000702365.1,JNLT01000000,JNLT01000001,JNLT01000002,JNLT01000003,JNLT01000004,JNLT01000008,JNLT01000009,JNLT01000010,JNLT01000011,JNLT01000013,JNLT01000014,JNLT01000017,JNLT01000018,JNLT01000019,JNLT01000020,JNLT01000021,JNLT01000022,JNLT01000023,JNLT01000024,JNLT01000031,JNLT01000040,JNLT01000043,JNLT01000045,JNLT01000047,JNLT01000050,JNLT01000051,JNLT01000052,JNLT01000053,JNLT01000056,JNLT01000060,JNLT01000063,JNLT01000068,KL370899,NZ_JNLT01000001,NZ_JNLT01000002,NZ_JNLT01000003,NZ_JNLT01000004,NZ_JNLT01000008,NZ_JNLT01000009,NZ_JNLT01000010,NZ_JNLT01000011,NZ_JNLT01000013,NZ_JNLT01000014,NZ_JNLT01000017,NZ_JNLT01000018,NZ_JNLT01000019,NZ_JNLT01000020,NZ_JNLT01000021,NZ_JNLT01000022,NZ_JNLT01000023,NZ_JNLT01000024,NZ_JNLT01000031,NZ_JNLT01000040,NZ_JNLT01000043,NZ_JNLT01000044,NZ_JNLT01000045,NZ_JNLT01000047,NZ_JNLT01000050,NZ_JNLT01000051,NZ_JNLT01000052,NZ_JNLT01000053,NZ_JNLT01000056,NZ_JNLT01000060,NZ_JNLT01000063,NZ_JNLT01000068,NZ_KL370899
Streptomyces sp. CNT302,ARIM01000000,CNT302_A1_B.mzXML,CNT302_A1_E.mzXML,CNT302_A1_M.mzXML,CNT302_MS_B.mzXML,CNT302_MS_E.mzXML,CNT302_MS_M.mzXML,CNT302_R5_B.mzXML,CNT302_R5_E.mzXML,CNT302_R5_M.mzXML,GCA_000377525,GCF_000377525,GCF_000377525.1,KB898270,KB898271,KB898273,KB898274,KB898275,KB898276,KB898277,KB898278,KB898281,KB898282,KB898296,KB898298,KB898299,KB898306,NZ_KB898270,NZ_KB898271,NZ_KB898273,NZ_KB898274,NZ_KB898275,NZ_KB898276,NZ_KB898277,NZ_KB898278,NZ_KB898281,NZ_KB898282,NZ_KB898296,NZ_KB898298,NZ_KB898299,NZ_KB898304,NZ_KB898306
Streptomyces sp. CNT318,AUKN01000000,AUKN01000001,AUKN01000002,AUKN01000003,AUKN01000007,AUKN01000008,AUKN01000010,AUKN01000011,AUKN01000013,AUKN01000014,AUKN01000015,AUKN01000022,AUKN01000036,AUKN01000044,AUKN01000047,AUKN01000049,CNT318_A1_B.mzXML,CNT318_A1_E.mzXML,CNT318_A1_M.mzXML,CNT318_MS_B.mzXML,CNT318_MS_E.mzXML,CNT318_MS_M.mzXML,CNT318_R5_B.mzXML,CNT318_R5_E.mzXML,CNT318_R5_M.mzXML,GCA_000424765,KE384240
Streptomyces sp. CNT360,AUKO01000000,AUKO01000001,AUKO01000002,AUKO01000003,AUKO01000004,AUKO01000012,AUKO01000013,AUKO01000018,AUKO01000020,AUKO01000026,AUKO01000027,AUKO01000040,CNT360_A1_B.mzXML,CNT360_A1_E.mzXML,CNT360_A1_M.mzXML,CNT360_MS_B.mzXML,CNT360_MS_E.mzXML,CNT360_MS_M.mzXML,CNT360_R5_B.mzXML,CNT360_R5_E.mzXML,CNT360_R5_M.mzXML,GCA_000424785,GCF_000424785,GCF_000424785.1,KE384246,KE384248,NZ_AUKO01000001,NZ_AUKO01000002,NZ_AUKO01000003,NZ_AUKO01000004,NZ_AUKO01000012,NZ_AUKO01000013,NZ_AUKO01000018,NZ_AUKO01000020,NZ_AUKO01000026,NZ_AUKO01000027,NZ_AUKO01000040,NZ_KE384246,NZ_KE384248
Streptomyces sp. CNT371,AZWZ01000000,AZWZ01000001,AZWZ01000002,AZWZ01000007,AZWZ01000009,AZWZ01000010,AZWZ01000011,AZWZ01000012,AZWZ01000013,AZWZ01000014,AZWZ01000015,AZWZ01000017,AZWZ01000018,AZWZ01000019,AZWZ01000020,AZWZ01000021,AZWZ01000024,AZWZ01000029,AZWZ01000030,AZWZ01000031,AZWZ01000036,AZWZ01000040,AZWZ01000044,AZWZ01000047,AZWZ01000048,AZWZ01000049,AZWZ01000051,AZWZ01000059,AZWZ01000060,AZWZ01000062,AZWZ01000069,AZWZ01000070,AZWZ01000071,AZWZ01000073,AZWZ01000075,CNT371_A1_B.mzXML,CNT371_A1_E.mzXML,CNT371_A1_M.mzXML,CNT371_MS_B.mzXML,CNT371_MS_E.mzXML,CNT371_MS_M.mzXML,CNT371_R5_B.mzXML,CNT371_R5_E.mzXML,CNT371_R5_M.mzXML,GCA_000514995,KI911510
Streptomyces sp. CNT372,ARHT01000000,CNT372_A1_B.mzXML,CNT372_A1_E.mzXML,CNT372_A1_M.mzXML,CNT372_MS_B.mzXML,CNT372_MS_E.mzXML,CNT372_MS_M.mzXML,CNT372_R5_B.mzXML,CNT372_R5_E.mzXML,CNT372_R5_M.mzXML,GCA_000377145,KB897776,KB897777,KB897778,KB897781,KB897782,KB897783,KB897785,KB897786,KB897787,KB897790,KB897792,KB897793,KB897795,KB897796,KB897797
Streptomyces sp. CNX435,34950,CNX435_A1_B.mzXML,CNX435_A1_E.mzXML,CNX435_A1_M.mzXML,CNX435_MS_B.mzXML,CNX435_MS_E.mzXML,CNX435_MS_M.mzXML,CNX435_R5_B.mzXML,CNX435_R5_E.mzXML,CNX435_R5_M.mzXML
Streptomyces sp. CNY228,ARIN01000000,CNY228_A1_B.mzXML,CNY228_A1_E.mzXML,CNY228_A1_M.mzXML,CNY228_MS_B.mzXML,CNY228_MS_E.mzXML,CNY228_MS_M.mzXML,CNY228_R5_B.mzXML,CNY228_R5_E.mzXML,CNY228_R5_M.mzXML,GCA_000377545,KB898221,KB898222,KB898224,KB898225,KB898227,KB898228,KB898229,KB898230,KB898231,KB898232,KB898233,KB898235,KB898240,KB898243,KB898246,KB898251,KB898254,KB898255,KB898262,KB898264,KB898268
Streptomyces sp. CNY243,ARHU01000000,CNY243_A1_B.mzXML,CNY243_A1_E.mzXML,CNY243_A1_M.mzXML,CNY243_MS_B.mzXML,CNY243_MS_E.mzXML,CNY243_MS_M.mzXML,CNY243_R5_B.mzXML,CNY243_R5_E.mzXML,CNY243_R5_M.mzXML,GCA_000377165,KB897713,KB897714,KB897715,KB897716,KB897717,KB897718,KB897719,KB897720,KB897721,KB897722,KB897723,KB897724,KB897727,KB897729,KB897730,KB897732,KB897733,KB897734,KB897735,KB897736,KB897741,KB897742,KB897744,KB897745,KB897746,KB897756,KB897757,KB897758,KB897759,KB897760,KB897762,KB897766,KB897773
Streptomyces sp. MG1,CP011664,CP011665,CP011667,GCA_000412265,GCF_000412265,GCF_000412265.2,NZ_CP011664,NZ_CP011665,NZ_CP011667,S.MG1_A1_B.mzXML,S.MG1_A1_E.mzXML,S.MG1_A1_M.mzXML,S.MG1_MS_B.mzXML,S.MG1_MS_E.mzXML,S.MG1_MS_M.mzXML,S.MG1_R5_B.mzXML,S.MG1_R5_E.mzXML,S.MG1_R5_M.mzXML
Streptomyces sp. TAA040,AUKR01000000,AUKR01000001,AUKR01000002,AUKR01000005,AUKR01000007,AUKR01000010,AUKR01000011,AUKR01000014,AUKR01000015,AUKR01000016,AUKR01000017,AUKR01000033,AUKR01000035,AUKR01000036,AUKR01000040,AUKR01000043,AUKR01000047,AUKR01000061,AUKR01000074,GCA_000424845,KE384254,TAA040_A1_B.mzXML,TAA040_A1_E.mzXML,TAA040_A1_M.mzXML,TAA040_MS_B.mzXML,TAA040_MS_E.mzXML,TAA040_MS_M.mzXML,TAA040_R5_B.mzXML,TAA040_R5_E.mzXML,TAA040_R5_M.mzXML
Streptomyces sp. TAA204,AUKW01000000,AUKW01000001,AUKW01000002,AUKW01000003,AUKW01000005,AUKW01000006,AUKW01000010,AUKW01000011,AUKW01000014,AUKW01000019,AUKW01000020,AUKW01000022,AUKW01000027,AUKW01000028,AUKW01000029,AUKW01000033,AUKW01000035,AUKW01000036,AUKW01000037,AUKW01000038,GCA_000424965,KE384282,KE384283,KE384284,TAA204_A1_B.mzXML,TAA204_A1_E.mzXML,TAA204_A1_M.mzXML,TAA204_MS_B.mzXML,TAA204_MS_E.mzXML,TAA204_MS_M.mzXML,TAA204_R5_B.mzXML,TAA204_R5_E.mzXML,TAA204_R5_M.mzXML
Streptomyces sp. TAA486,AUEV01000000,AUEV01000002,AUEV01000003,AUEV01000007,AUEV01000008,AUEV01000009,AUEV01000012,AUEV01000013,AUEV01000017,AUEV01000018,AUEV01000019,AUEV01000023,GCA_000426165,KE384503,KE384504,TAA486_A1_B.mzXML,TAA486_A1_E.mzXML,TAA486_A1_M.mzXML,TAA486_MS_B.mzXML,TAA486_MS_E.mzXML,TAA486_MS_M.mzXML,TAA486_R5_B.mzXML,TAA486_R5_E.mzXML,TAA486_R5_M.mzXML
Streptomyces sp. Tu6071,CM001165,GCA_000213055,S.TU6071_R5_B.mzXML,S.TU6071_R5_E.mzXML,S.TU6071_R5_M.mzXML,S.Tu6071_A1_B.mzXML,S.Tu6071_A1_E.mzXML,S.Tu6071_A1_M.mzXML,S.Tu6071_MS_B.mzXML,S.Tu6071_MS_E.mzXML,S.Tu6071_MS_M.mzXML
